symboling,normalized-losses,wheel-base,length,width,height,curb-weight,engine-size,bore,stroke,compression-ratio,horsepower,peak-rpm,city-mpg,highway-mpg,price,make_alfa-romero,make_audi,make_bmw,make_chevrolet,make_dodge,make_honda,make_isuzu,make_jaguar,make_mazda,make_mercedes-benz,make_mercury,make_mitsubishi,make_nissan,make_peugot,make_plymouth,make_porsche,make_renault,make_saab,make_subaru,make_toyota,make_volkswagen,make_volvo,fuel-type_diesel,fuel-type_gas,aspiration_std,aspiration_turbo,num-of-doors_four,num-of-doors_two,body-style_convertible,body-style_hardtop,body-style_hatchback,body-style_sedan,body-style_wagon,drive-wheels_4wd,drive-wheels_fwd,drive-wheels_rwd,engine-location_front,engine-location_rear,engine-type_dohc,engine-type_l,engine-type_ohc,engine-type_ohcf,engine-type_ohcv,engine-type_rotor,num-of-cylinders_eight,num-of-cylinders_five,num-of-cylinders_four,num-of-cylinders_six,num-of-cylinders_three,num-of-cylinders_twelve,num-of-cylinders_two,fuel-system_1bbl,fuel-system_2bbl,fuel-system_4bbl,fuel-system_idi,fuel-system_mfi,fuel-system_mpfi,fuel-system_spdi,fuel-system_spfi
1.0,0.298,0.058,0.413,0.325,0.083,0.411,0.26,0.664,0.29,0.125,0.294,0.347,0.222,0.289,0.208,1,0,0,0,0,0,0,0,0,0,0,0,0,0,0,0,0,0,0,0,0,0,0,1,1,0,0,1,1,0,0,0,0,0,0,1,1,0,1,0,0,0,0,0,0,0,1,0,0,0,0,0,0,0,0,0,1,0,0
1.0,0.298,0.058,0.413,0.325,0.083,0.411,0.26,0.664,0.29,0.125,0.294,0.347,0.222,0.289,0.283,1,0,0,0,0,0,0,0,0,0,0,0,0,0,0,0,0,0,0,0,0,0,0,1,1,0,0,1,1,0,0,0,0,0,0,1,1,0,1,0,0,0,0,0,0,0,1,0,0,0,0,0,0,0,0,0,1,0,0
0.6,0.298,0.23,0.449,0.444,0.383,0.518,0.343,0.1,0.667,0.125,0.495,0.347,0.167,0.263,0.283,1,0,0,0,0,0,0,0,0,0,0,0,0,0,0,0,0,0,0,0,0,0,0,1,1,0,0,1,0,0,1,0,0,0,0,1,1,0,0,0,0,0,1,0,0,0,0,1,0,0,0,0,0,0,0,0,1,0,0
0.8,0.518,0.385,0.53,0.504,0.542,0.329,0.181,0.464,0.633,0.188,0.252,0.551,0.306,0.368,0.219,0,1,0,0,0,0,0,0,0,0,0,0,0,0,0,0,0,0,0,0,0,0,0,1,1,0,1,0,0,0,0,1,0,0,1,0,1,0,0,0,1,0,0,0,0,0,1,0,0,0,0,0,0,0,0,0,1,0,0
0.8,0.518,0.373,0.53,0.521,0.542,0.518,0.283,0.464,0.633,0.062,0.313,0.551,0.139,0.158,0.306,0,1,0,0,0,0,0,0,0,0,0,0,0,0,0,0,0,0,0,0,0,0,0,1,1,0,1,0,0,0,0,1,0,1,0,0,1,0,0,0,1,0,0,0,0,1,0,0,0,0,0,0,0,0,0,0,1,0,0
0.8,0.298,0.385,0.54,0.513,0.442,0.395,0.283,0.464,0.633,0.094,0.29,0.551,0.167,0.237,0.252,0,1,0,0,0,0,0,0,0,0,0,0,0,0,0,0,0,0,0,0,0,0,0,1,1,0,0,1,0,0,0,1,0,0,1,0,1,0,0,0,1,0,0,0,0,1,0,0,0,0,0,0,0,0,0,0,1,0,0
0.6,0.487,0.56,0.77,0.949,0.658,0.526,0.283,0.464,0.633,0.094,0.29,0.551,0.167,0.237,0.313,0,1,0,0,0,0,0,0,0,0,0,0,0,0,0,0,0,0,0,0,0,0,0,1,1,0,1,0,0,0,0,1,0,0,1,0,1,0,0,0,1,0,0,0,0,1,0,0,0,0,0,0,0,0,0,0,1,0,0
0.6,0.298,0.56,0.77,0.949,0.658,0.569,0.283,0.464,0.633,0.094,0.29,0.551,0.167,0.237,0.343,0,1,0,0,0,0,0,0,0,0,0,0,0,0,0,0,0,0,0,0,0,0,0,1,1,0,1,0,0,0,0,0,1,0,1,0,1,0,0,0,1,0,0,0,0,1,0,0,0,0,0,0,0,0,0,0,1,0,0
0.6,0.487,0.56,0.77,0.949,0.675,0.62,0.264,0.421,0.633,0.081,0.43,0.551,0.111,0.105,0.466,0,1,0,0,0,0,0,0,0,0,0,0,0,0,0,0,0,0,0,0,0,0,0,1,0,1,1,0,0,0,0,1,0,0,1,0,1,0,0,0,1,0,0,0,0,1,0,0,0,0,0,0,0,0,0,0,1,0,0
0.8,0.665,0.426,0.533,0.385,0.542,0.352,0.177,0.686,0.348,0.113,0.248,0.673,0.278,0.342,0.281,0,0,1,0,0,0,0,0,0,0,0,0,0,0,0,0,0,0,0,0,0,0,0,1,1,0,0,1,0,0,0,1,0,0,0,1,1,0,0,0,1,0,0,0,0,0,1,0,0,0,0,0,0,0,0,0,1,0,0
0.4,0.665,0.426,0.533,0.385,0.542,0.352,0.177,0.686,0.348,0.113,0.248,0.673,0.278,0.342,0.293,0,0,1,0,0,0,0,0,0,0,0,0,0,0,0,0,0,0,0,0,0,0,0,1,1,0,1,0,0,0,0,1,0,0,0,1,1,0,0,0,1,0,0,0,0,0,1,0,0,0,0,0,0,0,0,0,1,0,0
0.4,0.644,0.426,0.533,0.385,0.542,0.474,0.389,0.55,0.533,0.125,0.341,0.041,0.222,0.316,0.394,0,0,1,0,0,0,0,0,0,0,0,0,0,0,0,0,0,0,0,0,0,0,0,1,1,0,0,1,0,0,0,1,0,0,0,1,1,0,0,0,1,0,0,0,0,0,0,1,0,0,0,0,0,0,0,0,1,0,0
0.4,0.644,0.426,0.533,0.385,0.542,0.495,0.389,0.55,0.533,0.125,0.341,0.041,0.222,0.316,0.397,0,0,1,0,0,0,0,0,0,0,0,0,0,0,0,0,0,0,0,0,0,0,0,1,1,0,1,0,0,0,0,1,0,0,0,1,1,0,0,0,1,0,0,0,0,0,0,1,0,0,0,0,0,0,0,0,1,0,0
0.6,0.298,0.493,0.715,0.564,0.658,0.608,0.389,0.55,0.533,0.125,0.341,0.041,0.194,0.237,0.483,0,0,1,0,0,0,0,0,0,0,0,0,0,0,0,0,0,0,0,0,0,0,0,1,1,0,1,0,0,0,0,1,0,0,0,1,1,0,0,0,1,0,0,0,0,0,0,1,0,0,0,0,0,0,0,0,1,0,0
0.4,0.298,0.493,0.715,0.564,0.658,0.676,0.558,0.771,0.629,0.062,0.626,0.51,0.083,0.158,0.637,0,0,1,0,0,0,0,0,0,0,0,0,0,0,0,0,0,0,0,0,0,0,0,1,1,0,1,0,0,0,0,1,0,0,0,1,1,0,0,0,1,0,0,0,0,0,0,1,0,0,0,0,0,0,0,0,1,0,0
0.4,0.298,0.493,0.787,0.65,0.492,0.734,0.558,0.771,0.629,0.062,0.626,0.51,0.083,0.158,0.899,0,0,1,0,0,0,0,0,0,0,0,0,0,0,0,0,0,0,0,0,0,0,0,1,1,0,0,1,0,0,0,1,0,0,0,1,1,0,0,0,1,0,0,0,0,0,0,1,0,0,0,0,0,0,0,0,1,0,0
0.4,0.298,0.682,0.834,0.906,0.708,0.782,0.558,0.771,0.629,0.062,0.626,0.51,0.056,0.105,0.788,0,0,1,0,0,0,0,0,0,0,0,0,0,0,0,0,0,0,0,0,0,0,0,1,1,0,1,0,0,0,0,1,0,0,0,1,1,0,0,0,1,0,0,0,0,0,0,1,0,0,0,0,0,0,0,0,1,0,0
0.8,0.293,0.052,0.0,0.0,0.45,0.0,0.0,0.264,0.457,0.156,0.0,0.388,0.944,0.974,0.001,0,0,0,1,0,0,0,0,0,0,0,0,0,0,0,0,0,0,0,0,0,0,0,1,1,0,0,1,0,0,1,0,0,0,1,0,1,0,0,1,0,0,0,0,0,0,0,0,1,0,0,0,1,0,0,0,0,0,0
0.6,0.173,0.23,0.221,0.282,0.35,0.15,0.109,0.35,0.495,0.162,0.103,0.51,0.694,0.711,0.029,0,0,0,1,0,0,0,0,0,0,0,0,0,0,0,0,0,0,0,0,0,0,0,1,1,0,0,1,0,0,1,0,0,0,1,0,1,0,0,0,1,0,0,0,0,0,1,0,0,0,0,0,1,0,0,0,0,0,0
0.4,0.084,0.23,0.264,0.282,0.35,0.163,0.109,0.35,0.495,0.162,0.103,0.51,0.694,0.711,0.036,0,0,0,1,0,0,0,0,0,0,0,0,0,0,0,0,0,0,0,0,0,0,0,1,1,0,1,0,0,0,0,1,0,0,1,0,1,0,0,0,1,0,0,0,0,0,1,0,0,0,0,0,1,0,0,0,0,0,0
0.6,0.277,0.207,0.242,0.299,0.25,0.151,0.109,0.307,0.552,0.151,0.093,0.551,0.667,0.658,0.011,0,0,0,0,1,0,0,0,0,0,0,0,0,0,0,0,0,0,0,0,0,0,0,1,1,0,0,1,0,0,1,0,0,0,1,0,1,0,0,0,1,0,0,0,0,0,1,0,0,0,0,0,1,0,0,0,0,0,0
0.6,0.277,0.207,0.242,0.299,0.25,0.151,0.109,0.307,0.552,0.15,0.093,0.551,0.5,0.579,0.031,0,0,0,0,1,0,0,0,0,0,0,0,0,0,0,0,0,0,0,0,0,0,0,1,1,0,0,1,0,0,1,0,0,0,1,0,1,0,0,0,1,0,0,0,0,0,1,0,0,0,0,0,1,0,0,0,0,0,0
0.6,0.277,0.207,0.242,0.299,0.25,0.248,0.14,0.35,0.629,0.037,0.252,0.551,0.306,0.368,0.07,0,0,0,0,1,0,0,0,0,0,0,0,0,0,0,0,0,0,0,0,0,0,0,1,0,1,0,1,0,0,1,0,0,0,1,0,1,0,0,0,1,0,0,0,0,0,1,0,0,0,0,0,0,0,0,0,1,0,0
0.6,0.435,0.207,0.242,0.299,0.233,0.186,0.109,0.307,0.552,0.15,0.093,0.551,0.5,0.579,0.028,0,0,0,0,1,0,0,0,0,0,0,0,0,0,0,0,0,0,0,0,0,0,0,1,1,0,1,0,0,0,1,0,0,0,1,0,1,0,0,0,1,0,0,0,0,0,1,0,0,0,0,0,1,0,0,0,0,0,0
0.6,0.435,0.207,0.242,0.299,0.233,0.194,0.109,0.307,0.552,0.15,0.093,0.551,0.5,0.579,0.039,0,0,0,0,1,0,0,0,0,0,0,0,0,0,0,0,0,0,0,0,0,0,0,1,1,0,1,0,0,0,0,1,0,0,1,0,1,0,0,0,1,0,0,0,0,0,1,0,0,0,0,0,1,0,0,0,0,0,0
0.6,0.435,0.207,0.242,0.299,0.233,0.194,0.109,0.307,0.552,0.15,0.093,0.551,0.5,0.579,0.062,0,0,0,0,1,0,0,0,0,0,0,0,0,0,0,0,0,0,0,0,0,0,0,1,1,0,1,0,0,0,0,1,0,0,1,0,1,0,0,0,1,0,0,0,0,0,1,0,0,0,0,0,1,0,0,0,0,0,0
0.6,0.435,0.207,0.242,0.299,0.233,0.273,0.14,0.35,0.629,0.037,0.252,0.551,0.306,0.368,0.085,0,0,0,0,1,0,0,0,0,0,0,0,0,0,0,0,0,0,0,0,0,0,0,1,0,1,1,0,0,0,0,1,0,0,1,0,1,0,0,0,1,0,0,0,0,0,1,0,0,0,0,0,0,0,0,0,1,0,0
0.2,0.236,0.487,0.5,0.368,1.0,0.406,0.23,0.571,0.662,0.094,0.187,0.347,0.306,0.368,0.094,0,0,0,0,1,0,0,0,0,0,0,0,0,0,0,0,0,0,0,0,0,0,0,1,1,0,1,0,0,0,0,0,1,0,1,0,1,0,0,0,1,0,0,0,0,0,1,0,0,0,0,0,1,0,0,0,0,0,0
1.0,0.419,0.271,0.479,0.513,0.2,0.513,0.358,0.757,0.871,0.0,0.453,0.347,0.167,0.211,0.195,0,0,0,0,1,0,0,0,0,0,0,0,0,0,0,0,0,0,0,0,0,0,0,1,0,1,0,1,0,0,1,0,0,0,1,0,1,0,0,0,1,0,0,0,0,0,1,0,0,0,0,0,0,0,0,1,0,0,0
0.8,0.377,0.0,0.052,0.308,0.25,0.087,0.117,0.264,0.638,0.162,0.047,0.265,1.0,1.0,0.034,0,0,0,0,0,1,0,0,0,0,0,0,0,0,0,0,0,0,0,0,0,0,0,1,1,0,0,1,0,0,1,0,0,0,1,0,1,0,0,0,1,0,0,0,0,0,1,0,0,0,0,1,0,0,0,0,0,0,0
0.8,0.377,0.0,0.052,0.308,0.25,0.128,0.117,0.264,0.638,0.137,0.131,0.755,0.5,0.579,0.043,0,0,0,0,0,1,0,0,0,0,0,0,0,0,0,0,0,0,0,0,0,0,0,1,1,0,0,1,0,0,1,0,0,0,1,0,1,0,0,0,1,0,0,0,0,0,1,0,0,0,0,1,0,0,0,0,0,0,0
0.6,0.188,0.207,0.133,0.316,0.4,0.135,0.068,0.264,0.476,0.194,0.056,0.551,0.694,0.684,0.007,0,0,0,0,0,1,0,0,0,0,0,0,0,0,0,0,0,0,0,0,0,0,0,1,1,0,0,1,0,0,1,0,0,0,1,0,1,0,0,0,1,0,0,0,0,0,1,0,0,0,0,1,0,0,0,0,0,0,0
0.6,0.188,0.207,0.133,0.316,0.4,0.175,0.117,0.264,0.638,0.137,0.131,0.755,0.472,0.474,0.035,0,0,0,0,0,1,0,0,0,0,0,0,0,0,0,0,0,0,0,0,0,0,0,1,1,0,0,1,0,0,1,0,0,0,1,0,1,0,0,0,1,0,0,0,0,0,1,0,0,0,0,1,0,0,0,0,0,0,0
0.6,0.188,0.207,0.133,0.316,0.4,0.182,0.117,0.264,0.638,0.137,0.131,0.755,0.472,0.474,0.05,0,0,0,0,0,1,0,0,0,0,0,0,0,0,0,0,0,0,0,0,0,0,0,1,1,0,0,1,0,0,1,0,0,0,1,0,1,0,0,0,1,0,0,0,0,0,1,0,0,0,0,1,0,0,0,0,0,0,0
0.4,0.236,0.289,0.333,0.316,0.558,0.202,0.117,0.264,0.638,0.137,0.131,0.755,0.472,0.474,0.054,0,0,0,0,0,1,0,0,0,0,0,0,0,0,0,0,0,0,0,0,0,0,0,1,1,0,1,0,0,0,0,1,0,0,1,0,1,0,0,0,1,0,0,0,0,0,1,0,0,0,0,1,0,0,0,0,0,0,0
0.4,0.068,0.289,0.239,0.308,0.875,0.208,0.117,0.271,0.638,0.137,0.131,0.755,0.472,0.474,0.054,0,0,0,0,0,1,0,0,0,0,0,0,0,0,0,0,0,0,0,0,0,0,0,1,1,0,1,0,0,0,0,0,1,0,1,0,1,0,0,0,1,0,0,0,0,0,1,0,0,0,0,1,0,0,0,0,0,0,0
0.4,0.215,0.289,0.394,0.419,0.458,0.29,0.185,0.436,0.719,0.125,0.178,0.673,0.389,0.447,0.069,0,0,0,0,0,1,0,0,0,0,0,0,0,0,0,0,0,0,0,0,0,0,0,1,1,0,0,1,0,0,1,0,0,0,1,0,1,0,0,0,1,0,0,0,0,0,1,0,0,0,0,1,0,0,0,0,0,0,0
0.4,0.215,0.289,0.394,0.419,0.458,0.311,0.185,0.436,0.719,0.125,0.178,0.673,0.389,0.447,0.099,0,0,0,0,0,1,0,0,0,0,0,0,0,0,0,0,0,0,0,0,0,0,0,1,1,0,0,1,0,0,1,0,0,0,1,0,1,0,0,0,1,0,0,0,0,0,1,0,0,0,0,1,0,0,0,0,0,0,0
0.4,0.105,0.289,0.512,0.419,0.525,0.317,0.185,0.436,0.719,0.125,0.178,0.673,0.389,0.447,0.093,0,0,0,0,0,1,0,0,0,0,0,0,0,0,0,0,0,0,0,0,0,0,0,1,1,0,1,0,0,0,0,1,0,0,1,0,1,0,0,0,1,0,0,0,0,0,1,0,0,0,0,1,0,0,0,0,0,0,0
0.4,0.105,0.289,0.512,0.188,0.525,0.343,0.185,0.436,0.719,0.125,0.178,0.673,0.389,0.447,0.129,0,0,0,0,0,1,0,0,0,0,0,0,0,0,0,0,0,0,0,0,0,0,0,1,1,0,1,0,0,0,0,1,0,0,1,0,1,0,0,0,1,0,0,0,0,0,1,0,0,0,0,1,0,0,0,0,0,0,0
0.4,0.105,0.289,0.512,0.419,0.525,0.379,0.185,0.436,0.719,0.125,0.248,0.673,0.306,0.316,0.194,0,0,0,0,0,1,0,0,0,0,0,0,0,0,0,0,0,0,0,0,0,0,0,1,1,0,1,0,0,0,0,1,0,0,1,0,1,0,0,0,1,0,0,0,0,0,1,0,0,0,0,0,0,0,0,0,1,0,0
0.6,0.22,0.289,0.418,0.487,0.267,0.312,0.185,0.436,0.719,0.131,0.243,0.551,0.333,0.395,0.13,0,0,0,0,0,1,0,0,0,0,0,0,0,0,0,0,0,0,0,0,0,0,0,1,1,0,0,1,0,0,0,1,0,0,1,0,1,0,0,0,1,0,0,0,0,0,1,0,0,0,0,0,1,0,0,0,0,0,0
0.4,0.298,0.224,0.442,0.128,0.475,0.329,0.189,0.55,0.552,0.094,0.14,0.265,0.306,0.342,0.041,0,0,0,0,0,0,1,0,0,0,0,0,0,0,0,0,0,0,0,0,0,0,0,1,1,0,1,0,0,0,0,1,0,0,0,1,1,0,0,0,1,0,0,0,0,0,1,0,0,0,0,0,1,0,0,0,0,0,0
0.8,0.298,0.274,0.47,0.419,0.3,0.483,0.219,0.636,0.552,0.137,0.196,0.347,0.306,0.342,0.147,0,0,0,0,0,0,1,0,0,0,0,0,0,0,0,0,0,0,0,0,0,0,0,1,1,0,0,1,0,0,1,0,0,0,0,1,1,0,0,0,1,0,0,0,0,0,1,0,0,0,0,0,0,0,0,0,0,0,1
0.4,0.419,0.77,0.873,0.795,0.417,1.0,0.743,0.779,1.0,0.069,0.598,0.245,0.056,0.079,0.674,0,0,0,0,0,0,0,1,0,0,0,0,0,0,0,0,0,0,0,0,0,0,0,1,1,0,1,0,0,0,0,1,0,0,0,1,1,0,1,0,0,0,0,0,0,0,0,1,0,0,0,0,0,0,0,0,1,0,0
0.4,0.298,0.77,0.873,0.795,0.417,1.0,0.743,0.779,1.0,0.069,0.598,0.245,0.056,0.079,0.755,0,0,0,0,0,0,0,1,0,0,0,0,0,0,0,0,0,0,0,0,0,0,0,1,1,0,1,0,0,0,0,1,0,0,0,1,1,0,1,0,0,0,0,0,0,0,0,1,0,0,0,0,0,0,0,0,1,0,0
0.4,0.298,0.449,0.755,0.88,0.0,0.955,1.0,0.714,0.329,0.281,1.0,0.347,0.0,0.026,0.767,0,0,0,0,0,0,0,1,0,0,0,0,0,0,0,0,0,0,0,0,0,0,0,1,1,0,0,1,0,0,0,1,0,0,0,1,1,0,0,0,0,0,1,0,0,0,0,0,0,1,0,0,0,0,0,0,1,0,0
0.6,0.204,0.19,0.269,0.333,0.525,0.156,0.113,0.35,0.514,0.125,0.093,0.347,0.472,0.395,0.002,0,0,0,0,0,0,0,0,1,0,0,0,0,0,0,0,0,0,0,0,0,0,0,1,1,0,0,1,0,0,1,0,0,0,1,0,1,0,0,0,1,0,0,0,0,0,1,0,0,0,0,0,1,0,0,0,0,0,0
0.6,0.204,0.19,0.269,0.333,0.525,0.16,0.113,0.35,0.514,0.125,0.093,0.347,0.5,0.579,0.024,0,0,0,0,0,0,0,0,1,0,0,0,0,0,0,0,0,0,0,0,0,0,0,1,1,0,0,1,0,0,1,0,0,0,1,0,1,0,0,0,1,0,0,0,0,0,1,0,0,0,0,0,1,0,0,0,0,0,0
0.6,0.204,0.19,0.269,0.333,0.525,0.162,0.113,0.35,0.514,0.125,0.093,0.347,0.5,0.579,0.042,0,0,0,0,0,0,0,0,1,0,0,0,0,0,0,0,0,0,0,0,0,0,0,1,1,0,0,1,0,0,1,0,0,0,1,0,1,0,0,0,1,0,0,0,0,0,1,0,0,0,0,0,1,0,0,0,0,0,0
0.6,0.251,0.19,0.384,0.333,0.525,0.177,0.113,0.35,0.514,0.125,0.093,0.347,0.5,0.579,0.039,0,0,0,0,0,0,0,0,1,0,0,0,0,0,0,0,0,0,0,0,0,0,0,1,1,0,1,0,0,0,0,1,0,0,1,0,1,0,0,0,1,0,0,0,0,0,1,0,0,0,0,0,1,0,0,0,0,0,0
0.6,0.251,0.19,0.384,0.333,0.525,0.179,0.113,0.386,0.514,0.125,0.093,0.347,0.5,0.579,0.057,0,0,0,0,0,0,0,0,1,0,0,0,0,0,0,0,0,0,0,0,0,0,0,1,1,0,1,0,0,0,0,1,0,0,1,0,1,0,0,0,1,0,0,0,0,0,1,0,0,0,0,0,1,0,0,0,0,0,0
1.0,0.445,0.254,0.416,0.462,0.15,0.346,0.034,0.564,0.567,0.15,0.248,0.755,0.111,0.184,0.145,0,0,0,0,0,0,0,0,1,0,0,0,0,0,0,0,0,0,0,0,0,0,0,1,1,0,0,1,0,0,1,0,0,0,0,1,1,0,0,0,0,0,0,1,0,0,0,0,0,0,1,0,0,1,0,0,0,0,0
1.0,0.445,0.254,0.416,0.462,0.15,0.346,0.034,0.564,0.567,0.15,0.248,0.755,0.111,0.184,0.167,0,0,0,0,0,0,0,0,1,0,0,0,0,0,0,0,0,0,0,0,0,0,0,1,1,0,0,1,0,0,1,0,0,0,0,1,1,0,0,0,0,0,0,1,0,0,0,0,0,0,1,0,0,1,0,0,0,0,0
1.0,0.445,0.254,0.416,0.462,0.15,0.348,0.034,0.564,0.567,0.15,0.248,0.755,0.111,0.184,0.212,0,0,0,0,0,0,0,0,1,0,0,0,0,0,0,0,0,0,0,0,0,0,0,1,1,0,0,1,0,0,1,0,0,0,0,1,1,0,0,0,0,0,0,1,0,0,0,0,0,0,1,0,0,1,0,0,0,0,0
1.0,0.445,0.254,0.416,0.462,0.15,0.393,0.072,0.564,0.567,0.15,0.407,0.755,0.083,0.184,0.261,0,0,0,0,0,0,0,0,1,0,0,0,0,0,0,0,0,0,0,0,0,0,0,1,1,0,0,1,0,0,1,0,0,0,0,1,1,0,0,0,0,0,0,1,0,0,0,0,0,0,1,0,0,0,0,0,1,0,0
0.6,0.335,0.356,0.548,0.53,0.492,0.348,0.23,0.607,0.629,0.1,0.168,0.265,0.361,0.421,0.093,0,0,0,0,0,0,0,0,1,0,0,0,0,0,0,0,0,0,0,0,0,0,0,1,1,0,0,1,0,0,1,0,0,0,1,0,1,0,0,0,1,0,0,0,0,0,1,0,0,0,0,0,1,0,0,0,0,0,0
0.4,0.262,0.356,0.548,0.53,0.642,0.358,0.23,0.607,0.629,0.1,0.168,0.265,0.361,0.421,0.084,0,0,0,0,0,0,0,0,1,0,0,0,0,0,0,0,0,0,0,0,0,0,0,1,1,0,1,0,0,0,0,1,0,0,1,0,1,0,0,0,1,0,0,0,0,0,1,0,0,0,0,0,1,0,0,0,0,0,0
0.6,0.335,0.356,0.548,0.53,0.492,0.348,0.23,0.607,0.629,0.1,0.168,0.265,0.361,0.421,0.136,0,0,0,0,0,0,0,0,1,0,0,0,0,0,0,0,0,0,0,0,0,0,0,1,1,0,0,1,0,0,1,0,0,0,1,0,1,0,0,0,1,0,0,0,0,0,1,0,0,0,0,0,1,0,0,0,0,0,0
0.4,0.262,0.356,0.548,0.53,0.642,0.358,0.23,0.607,0.629,0.1,0.168,0.265,0.361,0.421,0.127,0,0,0,0,0,0,0,0,1,0,0,0,0,0,0,0,0,0,0,0,0,0,0,1,1,0,1,0,0,0,0,1,0,0,1,0,1,0,0,0,1,0,0,0,0,0,1,0,0,0,0,0,1,0,0,0,0,0,0
0.4,0.298,0.356,0.548,0.53,0.642,0.37,0.23,0.607,0.629,0.981,0.075,0.204,0.639,0.684,0.141,0,0,0,0,0,0,0,0,1,0,0,0,0,0,0,0,0,0,0,0,0,0,1,0,1,0,1,0,0,0,0,1,0,0,1,0,1,0,0,0,1,0,0,0,0,0,1,0,0,0,0,0,0,0,1,0,0,0,0
0.4,0.262,0.356,0.548,0.53,0.642,0.363,0.23,0.607,0.629,0.1,0.168,0.265,0.361,0.421,0.152,0,0,0,0,0,0,0,0,1,0,0,0,0,0,0,0,0,0,0,0,0,0,0,1,1,0,1,0,0,0,1,0,0,0,1,0,1,0,0,0,1,0,0,0,0,0,1,0,0,0,0,0,1,0,0,0,0,0,0
0.4,0.277,0.534,0.506,0.496,0.55,0.458,0.298,0.871,0.519,0.062,0.336,0.347,0.167,0.289,0.327,0,0,0,0,0,0,0,0,1,0,0,0,0,0,0,0,0,0,0,0,0,0,0,1,1,0,1,0,0,0,0,1,0,0,0,1,1,0,0,0,1,0,0,0,0,0,1,0,0,0,0,0,0,0,0,0,1,0,0
0.4,0.298,0.534,0.506,0.496,0.55,0.47,0.275,0.636,0.748,0.938,0.112,0.02,0.5,0.605,0.328,0,0,0,0,0,0,0,0,1,0,0,0,0,0,0,0,0,0,0,0,0,0,1,0,1,0,1,0,0,0,0,1,0,0,0,1,1,0,0,0,1,0,0,0,0,0,1,0,0,0,0,0,0,0,1,0,0,0,0
0.2,0.147,0.682,0.743,0.855,0.725,0.786,0.46,0.743,0.748,0.906,0.35,0.082,0.25,0.237,0.507,0,0,0,0,0,0,0,0,0,1,0,0,0,0,0,0,0,0,0,0,0,0,1,0,0,1,1,0,0,0,0,1,0,0,0,1,1,0,0,0,1,0,0,0,0,1,0,0,0,0,0,0,0,0,1,0,0,0,0
0.2,0.147,0.682,0.743,0.855,0.908,0.877,0.46,0.743,0.748,0.906,0.35,0.082,0.25,0.237,0.574,0,0,0,0,0,0,0,0,0,1,0,0,0,0,0,0,0,0,0,0,0,0,1,0,0,1,1,0,0,0,0,0,1,0,0,1,1,0,0,0,1,0,0,0,0,1,0,0,0,0,0,0,0,0,1,0,0,0,0
0.4,0.147,0.586,0.693,0.855,0.592,0.779,0.46,0.743,0.748,0.906,0.35,0.082,0.25,0.237,0.572,0,0,0,0,0,0,0,0,0,1,0,0,0,0,0,0,0,0,0,0,0,0,1,0,0,1,0,1,0,1,0,0,0,0,0,1,1,0,0,0,1,0,0,0,0,1,0,0,0,0,0,0,0,0,1,0,0,0,0
0.2,0.147,0.845,0.918,0.974,0.708,0.885,0.46,0.743,0.748,0.906,0.35,0.082,0.25,0.237,0.657,0,0,0,0,0,0,0,0,0,1,0,0,0,0,0,0,0,0,0,0,0,0,1,0,0,1,1,0,0,0,0,1,0,0,0,1,1,0,0,0,1,0,0,0,0,1,0,0,0,0,0,0,0,0,1,0,0,0,0
0.2,0.298,0.845,0.918,0.974,0.725,0.874,0.653,0.657,0.49,0.081,0.5,0.245,0.083,0.053,0.722,0,0,0,0,0,0,0,0,0,1,0,0,0,0,0,0,0,0,0,0,0,0,0,1,1,0,1,0,0,0,0,1,0,0,0,1,1,0,0,0,0,0,1,0,1,0,0,0,0,0,0,0,0,0,0,0,1,0,0
1.0,0.403,0.292,0.585,0.872,0.25,0.852,0.653,0.657,0.49,0.081,0.5,0.245,0.083,0.053,0.743,0,0,0,0,0,0,0,0,0,1,0,0,0,0,0,0,0,0,0,0,0,0,0,1,1,0,0,1,1,0,0,0,0,0,0,1,1,0,0,0,0,0,1,0,1,0,0,0,0,0,0,0,0,0,0,0,1,0,0
0.4,0.298,1.0,1.0,0.974,0.742,0.936,0.932,0.9,0.61,0.062,0.636,0.143,0.028,0.0,0.89,0,0,0,0,0,0,0,0,0,1,0,0,0,0,0,0,0,0,0,0,0,0,0,1,1,0,1,0,0,0,0,1,0,0,0,1,1,0,0,0,0,0,1,0,1,0,0,0,0,0,0,0,0,0,0,0,1,0,0
0.6,0.298,0.741,0.867,1.0,0.633,0.864,0.917,0.9,0.61,0.062,0.636,0.143,0.028,0.0,1.0,0,0,0,0,0,0,0,0,0,1,0,0,0,0,0,0,0,0,0,0,0,0,0,1,1,0,0,1,0,1,0,0,0,0,0,1,1,0,0,0,0,0,1,0,1,0,0,0,0,0,0,0,0,0,0,0,1,0,0
0.6,0.298,0.469,0.557,0.658,0.583,0.552,0.298,0.886,0.5,0.062,0.593,0.347,0.167,0.211,0.283,0,0,0,0,0,0,0,0,0,0,1,0,0,0,0,0,0,0,0,0,0,0,0,1,0,1,0,1,0,0,1,0,0,0,0,1,1,0,0,0,1,0,0,0,0,0,1,0,0,0,0,0,0,0,0,0,1,0,0
0.8,0.503,0.207,0.242,0.35,0.25,0.167,0.117,0.307,0.552,0.15,0.093,0.551,0.667,0.658,0.007,0,0,0,0,0,0,0,0,0,0,0,1,0,0,0,0,0,0,0,0,0,0,0,1,1,0,0,1,0,0,1,0,0,0,1,0,1,0,0,0,1,0,0,0,0,0,1,0,0,0,0,0,1,0,0,0,0,0,0
0.8,0.503,0.207,0.242,0.35,0.25,0.177,0.117,0.307,0.552,0.15,0.093,0.551,0.5,0.579,0.027,0,0,0,0,0,0,0,0,0,0,0,1,0,0,0,0,0,0,0,0,0,0,0,1,1,0,0,1,0,0,1,0,0,0,1,0,1,0,0,0,1,0,0,0,0,0,1,0,0,0,0,0,1,0,0,0,0,0,0
0.8,0.503,0.207,0.242,0.35,0.25,0.2,0.117,0.307,0.552,0.15,0.093,0.551,0.5,0.579,0.039,0,0,0,0,0,0,0,0,0,0,0,1,0,0,0,0,0,0,0,0,0,0,0,1,1,0,0,1,0,0,1,0,0,0,1,0,1,0,0,0,1,0,0,0,0,0,1,0,0,0,0,0,1,0,0,0,0,0,0
0.6,0.503,0.187,0.242,0.299,0.25,0.255,0.14,0.35,0.629,0.037,0.252,0.551,0.306,0.368,0.064,0,0,0,0,0,0,0,0,0,0,0,1,0,0,0,0,0,0,0,0,0,0,0,1,0,1,0,1,0,0,1,0,0,0,1,0,1,0,0,0,1,0,0,0,0,0,1,0,0,0,0,0,0,0,0,0,0,1,0
1.0,0.461,0.283,0.476,0.436,0.133,0.342,0.185,0.45,0.662,0.031,0.318,0.551,0.278,0.368,0.12,0,0,0,0,0,0,0,0,0,0,0,1,0,0,0,0,0,0,0,0,0,0,0,1,0,1,0,1,0,0,1,0,0,0,1,0,1,0,0,0,1,0,0,0,0,0,1,0,0,0,0,0,0,0,0,0,0,1,0
1.0,0.461,0.283,0.476,0.436,0.133,0.326,0.23,0.579,0.662,0.094,0.187,0.347,0.333,0.421,0.084,0,0,0,0,0,0,0,0,0,0,0,1,0,0,0,0,0,0,0,0,0,0,0,1,1,0,0,1,0,0,1,0,0,0,1,0,1,0,0,0,1,0,0,0,0,0,1,0,0,0,0,0,1,0,0,0,0,0,0
1.0,0.298,0.271,0.479,0.513,0.2,0.522,0.358,0.743,0.852,0.0,0.453,0.347,0.167,0.211,0.186,0,0,0,0,0,0,0,0,0,0,0,1,0,0,0,0,0,0,0,0,0,0,0,1,0,1,0,1,0,0,1,0,0,0,1,0,1,0,0,0,1,0,0,0,0,0,1,0,0,0,0,0,0,0,0,0,0,1,0
1.0,0.298,0.271,0.479,0.513,0.2,0.556,0.358,0.75,0.852,0.0,0.453,0.347,0.167,0.211,0.242,0,0,0,0,0,0,0,0,0,0,0,1,0,0,0,0,0,0,0,0,0,0,0,1,0,1,0,1,0,0,1,0,0,0,1,0,1,0,0,0,1,0,0,0,0,0,1,0,0,0,0,0,0,0,0,0,0,1,0
1.0,0.298,0.271,0.479,0.513,0.2,0.558,0.358,0.75,0.852,0.0,0.453,0.347,0.167,0.211,0.233,0,0,0,0,0,0,0,0,0,0,0,1,0,0,0,0,0,0,0,0,0,0,0,1,0,1,0,1,0,0,1,0,0,0,1,0,1,0,0,0,1,0,0,0,0,0,1,0,0,0,0,0,0,0,0,0,0,1,0
0.6,0.314,0.283,0.467,0.436,0.317,0.34,0.23,0.579,0.662,0.094,0.187,0.347,0.333,0.421,0.046,0,0,0,0,0,0,0,0,0,0,0,1,0,0,0,0,0,0,0,0,0,0,0,1,1,0,1,0,0,0,0,1,0,0,1,0,1,0,0,0,1,0,0,0,0,0,1,0,0,0,0,0,1,0,0,0,0,0,0
0.6,0.314,0.283,0.467,0.436,0.317,0.356,0.23,0.579,0.662,0.094,0.187,0.347,0.333,0.421,0.076,0,0,0,0,0,0,0,0,0,0,0,1,0,0,0,0,0,0,0,0,0,0,0,1,1,0,1,0,0,0,0,1,0,0,1,0,1,0,0,0,1,0,0,0,0,0,1,0,0,0,0,0,1,0,0,0,0,0,0
0.6,0.314,0.283,0.467,0.436,0.317,0.355,0.185,0.45,0.662,0.031,0.318,0.551,0.278,0.368,0.103,0,0,0,0,0,0,0,0,0,0,0,1,0,0,0,0,0,0,0,0,0,0,0,1,0,1,1,0,0,0,0,1,0,0,1,0,1,0,0,0,1,0,0,0,0,0,1,0,0,0,0,0,0,0,0,0,0,1,0
0.2,0.377,0.283,0.467,0.436,0.317,0.355,0.185,0.45,0.662,0.031,0.318,0.551,0.278,0.368,0.103,0,0,0,0,0,0,0,0,0,0,0,1,0,0,0,0,0,0,0,0,0,0,0,1,1,0,1,0,0,0,0,1,0,0,1,0,1,0,0,0,1,0,0,0,0,0,1,0,0,0,0,0,0,0,0,0,0,1,0
0.6,0.33,0.23,0.361,0.299,0.558,0.156,0.136,0.436,0.581,0.15,0.098,0.429,0.5,0.553,0.009,0,0,0,0,0,0,0,0,0,0,0,0,1,0,0,0,0,0,0,0,0,0,0,1,1,0,0,1,0,0,0,1,0,0,1,0,1,0,0,0,1,0,0,0,0,0,1,0,0,0,0,0,1,0,0,0,0,0,0
0.6,0.33,0.23,0.361,0.299,0.558,0.205,0.158,0.321,0.667,0.931,0.033,0.265,0.889,0.895,0.049,0,0,0,0,0,0,0,0,0,0,0,0,1,0,0,0,0,0,0,0,0,0,1,0,1,0,0,1,0,0,0,1,0,0,1,0,1,0,0,0,1,0,0,0,0,0,1,0,0,0,0,0,0,0,1,0,0,0,0
0.6,0.33,0.23,0.361,0.299,0.558,0.167,0.136,0.436,0.581,0.15,0.098,0.429,0.5,0.553,0.038,0,0,0,0,0,0,0,0,0,0,0,0,1,0,0,0,0,0,0,0,0,0,0,1,1,0,0,1,0,0,0,1,0,0,1,0,1,0,0,0,1,0,0,0,0,0,1,0,0,0,0,0,1,0,0,0,0,0,0
0.6,0.298,0.23,0.361,0.299,0.558,0.175,0.136,0.436,0.581,0.15,0.098,0.429,0.5,0.553,0.043,0,0,0,0,0,0,0,0,0,0,0,0,1,0,0,0,0,0,0,0,0,0,0,1,1,0,1,0,0,0,0,1,0,0,1,0,1,0,0,0,1,0,0,0,0,0,1,0,0,0,0,0,1,0,0,0,0,0,0
0.6,0.199,0.23,0.434,0.299,0.475,0.208,0.136,0.436,0.581,0.15,0.098,0.429,0.5,0.553,0.055,0,0,0,0,0,0,0,0,0,0,0,0,1,0,0,0,0,0,0,0,0,0,0,1,1,0,1,0,0,0,0,0,1,0,1,0,1,0,0,0,1,0,0,0,0,0,1,0,0,0,0,0,1,0,0,0,0,0,0
0.6,0.33,0.23,0.361,0.299,0.558,0.18,0.136,0.436,0.581,0.15,0.098,0.429,0.5,0.553,0.054,0,0,0,0,0,0,0,0,0,0,0,0,1,0,0,0,0,0,0,0,0,0,0,1,1,0,0,1,0,0,0,1,0,0,1,0,1,0,0,0,1,0,0,0,0,0,1,0,0,0,0,0,1,0,0,0,0,0,0
0.6,0.33,0.23,0.366,0.299,0.458,0.209,0.136,0.436,0.581,0.15,0.098,0.429,0.5,0.553,0.067,0,0,0,0,0,0,0,0,0,0,0,0,1,0,0,0,0,0,0,0,0,0,0,1,1,0,0,1,0,0,1,0,0,0,1,0,1,0,0,0,1,0,0,0,0,0,1,0,0,0,0,0,1,0,0,0,0,0,0
0.6,0.298,0.23,0.361,0.299,0.558,0.187,0.136,0.436,0.581,0.15,0.098,0.429,0.5,0.553,0.059,0,0,0,0,0,0,0,0,0,0,0,0,1,0,0,0,0,0,0,0,0,0,0,1,1,0,1,0,0,0,0,1,0,0,1,0,1,0,0,0,1,0,0,0,0,0,1,0,0,0,0,0,1,0,0,0,0,0,0
0.6,0.199,0.23,0.434,0.299,0.475,0.213,0.136,0.436,0.581,0.15,0.098,0.429,0.5,0.553,0.072,0,0,0,0,0,0,0,0,0,0,0,0,1,0,0,0,0,0,0,0,0,0,0,1,1,0,1,0,0,0,0,0,1,0,1,0,1,0,0,0,1,0,0,0,0,0,1,0,0,0,0,0,1,0,0,0,0,0,0
0.8,0.539,0.248,0.318,0.299,0.458,0.202,0.136,0.436,0.581,0.15,0.098,0.429,0.5,0.553,0.078,0,0,0,0,0,0,0,0,0,0,0,0,1,0,0,0,0,0,0,0,0,0,0,1,1,0,0,1,0,1,0,0,0,0,1,0,1,0,0,0,1,0,0,0,0,0,1,0,0,0,0,0,1,0,0,0,0,0,0
0.4,0.215,0.309,0.482,0.419,0.575,0.324,0.223,0.564,0.667,0.094,0.229,0.429,0.389,0.474,0.095,0,0,0,0,0,0,0,0,0,0,0,0,1,0,0,0,0,0,0,0,0,0,0,1,1,0,1,0,0,0,1,0,0,0,1,0,1,0,0,0,1,0,0,0,0,0,1,0,0,0,0,0,1,0,0,0,0,0,0
0.4,0.215,0.309,0.482,0.419,0.575,0.316,0.223,0.564,0.667,0.094,0.229,0.429,0.389,0.474,0.11,0,0,0,0,0,0,0,0,0,0,0,0,1,0,0,0,0,0,0,0,0,0,0,1,1,0,1,0,0,0,0,1,0,0,1,0,1,0,0,0,1,0,0,0,0,0,1,0,0,0,0,0,1,0,0,0,0,0,0
0.4,0.33,0.402,0.606,0.53,0.608,0.623,0.453,0.636,0.571,0.125,0.486,0.429,0.111,0.158,0.208,0,0,0,0,0,0,0,0,0,0,0,0,1,0,0,0,0,0,0,0,0,0,0,1,1,0,1,0,0,0,0,1,0,0,1,0,1,0,0,0,0,0,1,0,0,0,0,1,0,0,0,0,0,0,0,0,1,0,0
0.4,0.225,0.402,0.649,0.53,0.692,0.701,0.453,0.636,0.571,0.125,0.486,0.429,0.111,0.158,0.23,0,0,0,0,0,0,0,0,0,0,0,0,1,0,0,0,0,0,0,0,0,0,0,1,1,0,1,0,0,0,0,0,1,0,1,0,1,0,0,0,0,0,1,0,0,0,0,1,0,0,0,0,0,0,0,0,1,0,0
0.4,0.225,0.402,0.649,0.53,0.608,0.61,0.453,0.636,0.571,0.125,0.486,0.429,0.167,0.237,0.208,0,0,0,0,0,0,0,0,0,0,0,0,1,0,0,0,0,0,0,0,0,0,0,1,1,0,1,0,0,0,0,1,0,0,1,0,1,0,0,0,0,0,1,0,0,0,0,1,0,0,0,0,0,0,0,0,1,0,0
1.0,0.675,0.137,0.442,0.65,0.158,0.614,0.453,0.636,0.571,0.125,0.523,0.429,0.167,0.237,0.3,0,0,0,0,0,0,0,0,0,0,0,0,1,0,0,0,0,0,0,0,0,0,0,1,1,0,0,1,0,0,1,0,0,0,0,1,1,0,0,0,0,0,1,0,0,0,0,1,0,0,0,0,0,0,0,0,1,0,0
1.0,0.675,0.137,0.442,0.65,0.158,0.64,0.453,0.636,0.571,0.05,0.71,0.429,0.111,0.184,0.362,0,0,0,0,0,0,0,0,0,0,0,0,1,0,0,0,0,0,0,0,0,0,0,1,0,1,0,1,0,0,1,0,0,0,0,1,1,0,0,0,0,0,1,0,0,0,0,1,0,0,0,0,0,0,0,0,1,0,0
0.6,0.869,0.367,0.558,0.65,0.158,0.64,0.453,0.636,0.571,0.125,0.523,0.429,0.167,0.237,0.33,0,0,0,0,0,0,0,0,0,0,0,0,1,0,0,0,0,0,0,0,0,0,0,1,1,0,0,1,0,0,1,0,0,0,0,1,1,0,0,0,0,0,1,0,0,0,0,1,0,0,0,0,0,0,0,0,1,0,0
0.4,0.503,0.621,0.681,0.692,0.742,0.594,0.223,0.657,0.533,0.088,0.229,0.347,0.167,0.211,0.168,0,0,0,0,0,0,0,0,0,0,0,0,0,1,0,0,0,0,0,0,0,0,0,1,1,0,1,0,0,0,0,1,0,0,0,1,1,0,0,1,0,0,0,0,0,0,1,0,0,0,0,0,0,0,0,0,1,0,0
0.4,0.503,0.621,0.681,0.692,0.742,0.663,0.343,0.829,0.69,0.875,0.22,0.0,0.417,0.447,0.201,0,0,0,0,0,0,0,0,0,0,0,0,0,1,0,0,0,0,0,0,0,0,1,0,0,1,1,0,0,0,0,1,0,0,0,1,1,0,0,1,0,0,0,0,0,0,1,0,0,0,0,0,0,0,1,0,0,0,0
0.4,0.298,0.805,0.863,0.692,0.908,0.676,0.223,0.657,0.533,0.088,0.229,0.347,0.167,0.211,0.182,0,0,0,0,0,0,0,0,0,0,0,0,0,1,0,0,0,0,0,0,0,0,0,1,1,0,1,0,0,0,0,0,1,0,0,1,1,0,0,1,0,0,0,0,0,0,1,0,0,0,0,0,0,0,0,0,1,0,0
0.4,0.298,0.805,0.863,0.692,0.908,0.753,0.343,0.829,0.69,0.875,0.22,0.0,0.333,0.237,0.217,0,0,0,0,0,0,0,0,0,0,0,0,0,1,0,0,0,0,0,0,0,0,1,0,0,1,1,0,0,0,0,0,1,0,0,1,1,0,0,1,0,0,0,0,0,0,1,0,0,0,0,0,0,0,1,0,0,0,0
0.4,0.503,0.621,0.681,0.692,0.742,0.616,0.223,0.657,0.057,0.088,0.22,0.347,0.167,0.211,0.26,0,0,0,0,0,0,0,0,0,0,0,0,0,1,0,0,0,0,0,0,0,0,0,1,1,0,1,0,0,0,0,1,0,0,0,1,1,0,0,1,0,0,0,0,0,0,1,0,0,0,0,0,0,0,0,0,1,0,0
0.4,0.503,0.621,0.681,0.692,0.742,0.684,0.343,0.829,0.69,0.875,0.22,0.0,0.417,0.447,0.292,0,0,0,0,0,0,0,0,0,0,0,0,0,1,0,0,0,0,0,0,0,0,1,0,0,1,1,0,0,0,0,1,0,0,0,1,1,0,0,1,0,0,0,0,0,0,1,0,0,0,0,0,0,0,1,0,0,0,0
0.4,0.298,0.805,0.863,0.692,0.742,0.697,0.223,0.657,0.057,0.088,0.22,0.347,0.167,0.211,0.287,0,0,0,0,0,0,0,0,0,0,0,0,0,1,0,0,0,0,0,0,0,0,0,1,1,0,1,0,0,0,0,0,1,0,0,1,1,0,0,1,0,0,0,0,0,0,1,0,0,0,0,0,0,0,0,0,1,0,0
0.4,0.298,0.805,0.863,0.692,0.908,0.775,0.343,0.829,0.69,0.875,0.22,0.0,0.333,0.237,0.297,0,0,0,0,0,0,0,0,0,0,0,0,0,1,0,0,0,0,0,0,0,0,1,0,0,1,1,0,0,0,0,0,1,0,0,1,1,0,0,1,0,0,0,0,0,0,1,0,0,0,0,0,0,0,1,0,0,0,0
0.4,0.503,0.621,0.681,0.692,0.742,0.616,0.223,0.657,0.533,0.088,0.229,0.347,0.167,0.211,0.286,0,0,0,0,0,0,0,0,0,0,0,0,0,1,0,0,0,0,0,0,0,0,0,1,1,0,1,0,0,0,0,1,0,0,0,1,1,0,0,1,0,0,0,0,0,0,1,0,0,0,0,0,0,0,0,0,1,0,0
0.4,0.503,0.621,0.681,0.692,0.742,0.684,0.343,0.829,0.69,0.875,0.22,0.0,0.417,0.447,0.319,0,0,0,0,0,0,0,0,0,0,0,0,0,1,0,0,0,0,0,0,0,0,1,0,0,1,1,0,0,0,0,1,0,0,0,1,1,0,0,1,0,0,0,0,0,0,1,0,0,0,0,0,0,0,1,0,0,0,0
0.4,0.503,0.624,0.681,0.684,0.683,0.637,0.275,0.764,0.543,0.0,0.439,0.592,0.139,0.211,0.324,0,0,0,0,0,0,0,0,0,0,0,0,0,1,0,0,0,0,0,0,0,0,0,1,0,1,1,0,0,0,0,1,0,0,0,1,1,0,0,1,0,0,0,0,0,0,1,0,0,0,0,0,0,0,0,0,1,0,0
0.6,0.283,0.207,0.242,0.299,0.25,0.167,0.109,0.307,0.552,0.15,0.093,0.551,0.667,0.658,0.011,0,0,0,0,0,0,0,0,0,0,0,0,0,0,1,0,0,0,0,0,0,0,0,1,1,0,0,1,0,0,1,0,0,0,1,0,1,0,0,0,1,0,0,0,0,0,1,0,0,0,0,0,1,0,0,0,0,0,0
0.6,0.283,0.207,0.242,0.299,0.25,0.248,0.14,0.35,0.629,0.037,0.252,0.551,0.306,0.368,0.07,0,0,0,0,0,0,0,0,0,0,0,0,0,0,1,0,0,0,0,0,0,0,0,1,0,1,0,1,0,0,1,0,0,0,1,0,1,0,0,0,1,0,0,0,0,0,1,0,0,0,0,0,0,0,0,0,0,1,0
0.6,0.466,0.207,0.242,0.299,0.233,0.186,0.109,0.307,0.552,0.15,0.093,0.551,0.5,0.579,0.028,0,0,0,0,0,0,0,0,0,0,0,0,0,0,1,0,0,0,0,0,0,0,0,1,1,0,1,0,0,0,1,0,0,0,1,0,1,0,0,0,1,0,0,0,0,0,1,0,0,0,0,0,1,0,0,0,0,0,0
0.6,0.466,0.207,0.391,0.299,0.25,0.194,0.109,0.307,0.552,0.15,0.093,0.551,0.5,0.579,0.039,0,0,0,0,0,0,0,0,0,0,0,0,0,0,1,0,0,0,0,0,0,0,0,1,1,0,1,0,0,0,0,1,0,0,1,0,1,0,0,0,1,0,0,0,0,0,1,0,0,0,0,0,1,0,0,0,0,0,0
0.6,0.466,0.207,0.391,0.299,0.25,0.273,0.14,0.307,0.552,0.15,0.093,0.551,0.5,0.579,0.062,0,0,0,0,0,0,0,0,0,0,0,0,0,0,1,0,0,0,0,0,0,0,0,1,1,0,1,0,0,0,0,1,0,0,1,0,1,0,0,0,1,0,0,0,0,0,1,0,0,0,0,0,1,0,0,0,0,0,0
0.2,0.047,0.487,0.5,0.368,1.0,0.406,0.23,0.579,0.662,0.094,0.187,0.347,0.306,0.368,0.094,0,0,0,0,0,0,0,0,0,0,0,0,0,0,1,0,0,0,0,0,0,0,0,1,1,0,1,0,0,0,0,0,1,0,1,0,1,0,0,0,1,0,0,0,0,0,1,0,0,0,0,0,1,0,0,0,0,0,0
1.0,0.298,0.271,0.479,0.513,0.2,0.516,0.358,0.75,0.852,0.0,0.453,0.347,0.167,0.211,0.19,0,0,0,0,0,0,0,0,0,0,0,0,0,0,1,0,0,0,0,0,0,0,0,1,0,1,0,1,0,0,1,0,0,0,0,1,1,0,0,0,1,0,0,0,0,0,1,0,0,0,0,0,0,0,0,0,0,1,0
1.0,0.634,0.23,0.415,0.684,0.2,0.5,0.34,1.0,0.495,0.156,0.444,0.551,0.167,0.289,0.42,0,0,0,0,0,0,0,0,0,0,0,0,0,0,0,1,0,0,0,0,0,0,0,1,1,0,0,1,0,0,1,0,0,0,0,1,1,0,0,0,1,0,0,0,0,0,1,0,0,0,0,0,0,0,0,0,1,0,0
1.0,0.298,0.085,0.415,0.402,0.317,0.492,0.502,0.857,0.395,0.156,0.743,0.714,0.111,0.237,0.68,0,0,0,0,0,0,0,0,0,0,0,0,0,0,0,1,0,0,0,0,0,0,0,1,1,0,0,1,0,1,0,0,0,0,0,1,0,1,0,0,0,1,0,0,0,0,0,1,0,0,0,0,0,0,0,0,1,0,0
1.0,0.298,0.085,0.415,0.402,0.317,0.492,0.502,0.857,0.395,0.156,0.743,0.714,0.111,0.237,0.718,0,0,0,0,0,0,0,0,0,0,0,0,0,0,0,1,0,0,0,0,0,0,0,1,1,0,0,1,0,1,0,0,0,0,0,1,0,1,0,0,0,1,0,0,0,0,0,1,0,0,0,0,0,0,0,0,1,0,0
1.0,0.298,0.085,0.415,0.402,0.317,0.509,0.502,0.857,0.395,0.156,0.743,0.714,0.111,0.237,0.792,0,0,0,0,0,0,0,0,0,0,0,0,0,0,0,1,0,0,0,0,0,0,0,1,1,0,0,1,1,0,0,0,0,0,0,1,0,1,0,0,0,1,0,0,0,0,0,1,0,0,0,0,0,0,0,0,1,0,0
0.4,0.298,0.277,0.603,0.53,0.617,0.423,0.268,0.657,0.871,0.106,0.263,0.398,0.278,0.395,0.104,0,0,0,0,0,0,0,0,0,0,0,0,0,0,0,0,1,0,0,0,0,0,0,1,1,0,1,0,0,0,0,0,1,0,1,0,1,0,0,0,1,0,0,0,0,0,1,0,0,0,0,0,0,0,0,0,1,0,0
0.8,0.298,0.277,0.533,0.538,0.225,0.377,0.268,0.657,0.871,0.106,0.263,0.398,0.278,0.395,0.119,0,0,0,0,0,0,0,0,0,0,0,0,0,0,0,0,1,0,0,0,0,0,0,1,1,0,0,1,0,0,1,0,0,0,1,0,1,0,0,0,1,0,0,0,0,0,1,0,0,0,0,0,0,0,0,0,1,0,0
1.0,0.445,0.364,0.679,0.53,0.692,0.454,0.226,0.714,0.476,0.144,0.29,0.449,0.222,0.316,0.167,0,0,0,0,0,0,0,0,0,0,0,0,0,0,0,0,0,1,0,0,0,0,0,1,1,0,0,1,0,0,1,0,0,0,1,0,1,0,0,0,1,0,0,0,0,0,1,0,0,0,0,0,0,0,0,0,1,0,0
0.8,0.204,0.364,0.679,0.53,0.692,0.468,0.226,0.714,0.476,0.144,0.29,0.449,0.222,0.316,0.175,0,0,0,0,0,0,0,0,0,0,0,0,0,0,0,0,0,1,0,0,0,0,0,1,1,0,1,0,0,0,0,1,0,0,1,0,1,0,0,0,1,0,0,0,0,0,1,0,0,0,0,0,0,0,0,0,1,0,0
1.0,0.445,0.364,0.679,0.53,0.692,0.473,0.226,0.0,0.0,0.144,0.29,0.449,0.222,0.316,0.246,0,0,0,0,0,0,0,0,0,0,0,0,0,0,0,0,0,1,0,0,0,0,0,1,1,0,0,1,0,0,1,0,0,0,1,0,1,0,0,0,1,0,0,0,0,0,1,0,0,0,0,0,0,0,0,0,1,0,0
0.8,0.204,0.364,0.679,0.53,0.692,0.493,0.226,0.714,0.476,0.144,0.29,0.449,0.222,0.316,0.258,0,0,0,0,0,0,0,0,0,0,0,0,0,0,0,0,0,1,0,0,0,0,0,1,1,0,1,0,0,0,0,1,0,0,1,0,1,0,0,0,1,0,0,0,0,0,1,0,0,0,0,0,0,0,0,0,1,0,0
1.0,0.445,0.364,0.679,0.53,0.692,0.512,0.226,0.714,0.476,0.125,0.523,0.551,0.167,0.263,0.324,0,0,0,0,0,0,0,0,0,0,0,0,0,0,0,0,0,1,0,0,0,0,0,1,0,1,0,1,0,0,1,0,0,0,1,0,1,0,1,0,0,0,0,0,0,0,1,0,0,0,0,0,0,0,0,0,1,0,0
0.8,0.204,0.364,0.679,0.53,0.692,0.527,0.226,0.714,0.476,0.125,0.523,0.551,0.167,0.263,0.335,0,0,0,0,0,0,0,0,0,0,0,0,0,0,0,0,0,1,0,0,0,0,0,1,0,1,1,0,0,0,0,1,0,0,1,0,1,0,1,0,0,0,0,0,0,0,1,0,0,0,0,0,0,0,0,0,1,0,0
0.8,0.094,0.207,0.236,0.265,0.492,0.218,0.136,0.771,0.138,0.125,0.098,0.306,0.5,0.526,0.0,0,0,0,0,0,0,0,0,0,0,0,0,0,0,0,0,0,0,1,0,0,0,0,1,1,0,0,1,0,0,1,0,0,0,1,0,1,0,0,0,0,1,0,0,0,0,1,0,0,0,0,0,1,0,0,0,0,0,0
0.8,0.094,0.207,0.251,0.282,0.492,0.245,0.177,0.771,0.271,0.106,0.117,0.102,0.361,0.395,0.048,0,0,0,0,0,0,0,0,0,0,0,0,0,0,0,0,0,0,1,0,0,0,0,1,1,0,0,1,0,0,1,0,0,0,1,0,1,0,0,0,0,1,0,0,0,0,1,0,0,0,0,0,1,0,0,0,0,0,0
0.8,0.094,0.195,0.242,0.299,0.658,0.292,0.177,0.771,0.271,0.106,0.117,0.102,0.361,0.395,0.062,0,0,0,0,0,0,0,0,0,0,0,0,0,0,0,0,0,0,1,0,0,0,0,1,1,0,0,1,0,0,1,0,0,1,0,0,1,0,0,0,0,1,0,0,0,0,1,0,0,0,0,0,1,0,0,0,0,0,0
0.4,0.194,0.309,0.461,0.436,0.392,0.255,0.177,0.771,0.271,0.156,0.159,0.265,0.528,0.553,0.05,0,0,0,0,0,0,0,0,0,0,0,0,0,0,0,0,0,0,1,0,0,0,0,1,1,0,1,0,0,0,0,1,0,0,1,0,1,0,0,0,0,1,0,0,0,0,1,0,0,0,0,0,1,0,0,0,0,0,0
0.4,0.194,0.309,0.461,0.436,0.392,0.272,0.177,0.771,0.271,0.156,0.159,0.102,0.417,0.447,0.066,0,0,0,0,0,0,0,0,0,0,0,0,0,0,0,0,0,0,1,0,0,0,0,1,1,0,1,0,0,0,0,1,0,0,1,0,1,0,0,0,0,1,0,0,0,0,1,0,0,0,0,0,1,0,0,0,0,0,0
0.4,0.194,0.309,0.461,0.436,0.392,0.33,0.177,0.771,0.271,0.125,0.215,0.429,0.361,0.421,0.12,0,0,0,0,0,0,0,0,0,0,0,0,0,0,0,0,0,0,1,0,0,0,0,1,1,0,1,0,0,0,0,1,0,0,1,0,1,0,0,0,0,1,0,0,0,0,1,0,0,0,0,0,0,0,0,0,1,0,0
0.4,0.194,0.303,0.461,0.436,0.542,0.348,0.177,0.771,0.271,0.125,0.159,0.265,0.306,0.237,0.102,0,0,0,0,0,0,0,0,0,0,0,0,0,0,0,0,0,0,1,0,0,0,0,1,1,0,1,0,0,0,0,1,0,1,0,0,1,0,0,0,0,1,0,0,0,0,1,0,0,0,0,0,1,0,0,0,0,0,0
0.4,0.194,0.303,0.461,0.436,0.542,0.396,0.177,0.771,0.271,0.044,0.294,0.265,0.306,0.342,0.152,0,0,0,0,0,0,0,0,0,0,0,0,0,0,0,0,0,0,1,0,0,0,0,1,0,1,1,0,0,0,0,1,0,1,0,0,1,0,0,0,0,1,0,0,0,0,1,0,0,0,0,0,0,0,0,0,1,0,0
0.4,0.126,0.303,0.484,0.436,0.433,0.311,0.177,0.771,0.271,0.125,0.159,0.265,0.417,0.421,0.058,0,0,0,0,0,0,0,0,0,0,0,0,0,0,0,0,0,0,1,0,0,0,0,1,1,0,1,0,0,0,0,0,1,0,1,0,1,0,0,0,0,1,0,0,0,0,1,0,0,0,0,0,1,0,0,0,0,0,0
0.4,0.126,0.303,0.484,0.436,0.433,0.375,0.177,0.771,0.271,0.125,0.215,0.429,0.333,0.395,0.126,0,0,0,0,0,0,0,0,0,0,0,0,0,0,0,0,0,0,1,0,0,0,0,1,1,0,1,0,0,0,0,0,1,0,1,0,1,0,0,0,0,1,0,0,0,0,1,0,0,0,0,0,0,0,0,0,1,0,0
0.4,0.105,0.3,0.485,0.436,0.592,0.362,0.177,0.771,0.271,0.125,0.159,0.265,0.278,0.342,0.072,0,0,0,0,0,0,0,0,0,0,0,0,0,0,0,0,0,0,1,0,0,0,0,1,1,0,1,0,0,0,0,0,1,1,0,0,1,0,0,0,0,1,0,0,0,0,1,0,0,0,0,0,1,0,0,0,0,0,0
0.4,0.105,0.3,0.485,0.436,0.592,0.451,0.177,0.771,0.271,0.044,0.294,0.265,0.278,0.184,0.163,0,0,0,0,0,0,0,0,0,0,0,0,0,0,0,0,0,0,1,0,0,0,0,1,0,1,1,0,0,0,0,0,1,1,0,0,1,0,0,0,0,1,0,0,0,0,1,0,0,0,0,0,0,0,0,0,1,0,0
0.6,0.115,0.265,0.263,0.282,0.558,0.193,0.117,0.364,0.457,0.125,0.065,0.265,0.611,0.605,0.006,0,0,0,0,0,0,0,0,0,0,0,0,0,0,0,0,0,0,0,1,0,0,0,1,1,0,0,1,0,0,1,0,0,0,1,0,1,0,0,0,1,0,0,0,0,0,1,0,0,0,0,0,1,0,0,0,0,0,0
0.6,0.115,0.265,0.263,0.282,0.558,0.214,0.117,0.364,0.457,0.125,0.065,0.265,0.5,0.579,0.03,0,0,0,0,0,0,0,0,0,0,0,0,0,0,0,0,0,0,0,1,0,0,0,1,1,0,0,1,0,0,1,0,0,0,1,0,1,0,0,0,1,0,0,0,0,0,1,0,0,0,0,0,1,0,0,0,0,0,0
0.6,0.047,0.265,0.263,0.282,0.558,0.204,0.117,0.364,0.457,0.125,0.065,0.265,0.5,0.579,0.034,0,0,0,0,0,0,0,0,0,0,0,0,0,0,0,0,0,0,0,1,0,0,0,1,1,0,1,0,0,0,1,0,0,0,1,0,1,0,0,0,1,0,0,0,0,0,1,0,0,0,0,0,1,0,0,0,0,0,0
0.4,0.063,0.265,0.427,0.282,0.942,0.307,0.117,0.364,0.457,0.125,0.065,0.265,0.5,0.553,0.045,0,0,0,0,0,0,0,0,0,0,0,0,0,0,0,0,0,0,0,1,0,0,0,1,1,0,1,0,0,0,0,0,1,0,1,0,1,0,0,0,1,0,0,0,0,0,1,0,0,0,0,0,1,0,0,0,0,0,0
0.4,0.084,0.265,0.427,0.282,0.942,0.311,0.117,0.364,0.457,0.125,0.065,0.265,0.389,0.421,0.069,0,0,0,0,0,0,0,0,0,0,0,0,0,0,0,0,0,0,0,1,0,0,0,1,1,0,1,0,0,0,0,0,1,1,0,0,1,0,0,0,1,0,0,0,0,0,1,0,0,0,0,0,1,0,0,0,0,0,0
0.4,0.136,0.265,0.427,0.282,0.942,0.629,0.117,0.364,0.457,0.125,0.065,0.265,0.389,0.421,0.091,0,0,0,0,0,0,0,0,0,0,0,0,0,0,0,0,0,0,0,1,0,0,0,1,1,0,1,0,0,0,0,0,1,1,0,0,1,0,0,0,1,0,0,0,0,0,1,0,0,0,0,0,1,0,0,0,0,0,0
0.4,0.136,0.265,0.376,0.35,0.433,0.23,0.14,0.464,0.457,0.125,0.103,0.265,0.472,0.553,0.045,0,0,0,0,0,0,0,0,0,0,0,0,0,0,0,0,0,0,0,1,0,0,0,1,1,0,1,0,0,0,0,1,0,0,1,0,1,0,0,0,1,0,0,0,0,0,1,0,0,0,0,0,1,0,0,0,0,0,0
0.4,0.136,0.265,0.376,0.35,0.417,0.241,0.14,0.464,0.457,0.125,0.103,0.265,0.472,0.553,0.052,0,0,0,0,0,0,0,0,0,0,0,0,0,0,0,0,0,0,0,1,0,0,0,1,1,0,1,0,0,0,1,0,0,0,1,0,1,0,0,0,1,0,0,0,0,0,1,0,0,0,0,0,1,0,0,0,0,0,0
0.4,0.136,0.265,0.376,0.35,0.433,0.305,0.185,0.521,0.61,0.969,0.037,0.143,0.583,0.526,0.069,0,0,0,0,0,0,0,0,0,0,0,0,0,0,0,0,0,0,0,1,0,0,1,0,1,0,1,0,0,0,0,1,0,0,1,0,1,0,0,0,1,0,0,0,0,0,1,0,0,0,0,0,0,0,1,0,0,0,0
0.4,0.136,0.265,0.376,0.35,0.417,0.305,0.185,0.521,0.61,0.969,0.037,0.143,0.694,0.816,0.066,0,0,0,0,0,0,0,0,0,0,0,0,0,0,0,0,0,0,0,1,0,0,1,0,1,0,1,0,0,0,1,0,0,0,1,0,1,0,0,0,1,0,0,0,0,0,1,0,0,0,0,0,0,0,1,0,0,0,0
0.4,0.136,0.265,0.376,0.35,0.433,0.235,0.14,0.464,0.457,0.125,0.103,0.265,0.694,0.816,0.065,0,0,0,0,0,0,0,0,0,0,0,0,0,0,0,0,0,0,0,1,0,0,0,1,1,0,1,0,0,0,0,1,0,0,1,0,1,0,0,0,1,0,0,0,0,0,1,0,0,0,0,0,1,0,0,0,0,0,0
0.4,0.136,0.265,0.376,0.35,0.417,0.246,0.14,0.464,0.457,0.125,0.103,0.265,0.417,0.474,0.08,0,0,0,0,0,0,0,0,0,0,0,0,0,0,0,0,0,0,0,1,0,0,0,1,1,0,1,0,0,0,1,0,0,0,1,0,1,0,0,0,1,0,0,0,0,0,1,0,0,0,0,0,1,0,0,0,0,0,0
0.4,0.136,0.265,0.376,0.35,0.417,0.253,0.14,0.464,0.457,0.125,0.103,0.265,0.417,0.474,0.103,0,0,0,0,0,0,0,0,0,0,0,0,0,0,0,0,0,0,0,1,0,0,0,1,1,0,1,0,0,0,0,1,0,0,1,0,1,0,0,0,1,0,0,0,0,0,1,0,0,0,0,0,1,0,0,0,0,0,0
0.6,0.539,0.23,0.412,0.316,0.4,0.264,0.14,0.464,0.457,0.125,0.103,0.265,0.444,0.474,0.073,0,0,0,0,0,0,0,0,0,0,0,0,0,0,0,0,0,0,0,1,0,0,0,1,1,0,0,1,0,0,0,1,0,0,0,1,1,0,0,0,1,0,0,0,0,0,1,0,0,0,0,0,1,0,0,0,0,0,0
0.6,0.539,0.23,0.412,0.316,0.4,0.278,0.14,0.464,0.457,0.125,0.103,0.265,0.444,0.474,0.077,0,0,0,0,0,0,0,0,0,0,0,0,0,0,0,0,0,0,0,1,0,0,0,1,1,0,0,1,0,0,1,0,0,0,0,1,1,0,0,0,1,0,0,0,0,0,1,0,0,0,0,0,1,0,0,0,0,0,0
0.6,0.539,0.23,0.412,0.316,0.4,0.301,0.14,0.5,0.481,0.15,0.299,1.0,0.361,0.342,0.104,0,0,0,0,0,0,0,0,0,0,0,0,0,0,0,0,0,0,0,1,0,0,0,1,1,0,0,1,0,0,0,1,0,0,0,1,1,0,1,0,0,0,0,0,0,0,1,0,0,0,0,0,0,0,0,0,1,0,0
0.6,0.539,0.23,0.412,0.316,0.4,0.315,0.14,0.5,0.481,0.15,0.299,1.0,0.361,0.342,0.11,0,0,0,0,0,0,0,0,0,0,0,0,0,0,0,0,0,0,0,1,0,0,0,1,1,0,0,1,0,0,1,0,0,0,0,1,1,0,1,0,0,0,0,0,0,0,1,0,0,0,0,0,0,0,0,0,1,0,0
0.8,0.361,0.344,0.524,0.453,0.35,0.408,0.321,0.771,0.681,0.144,0.318,0.265,0.306,0.368,0.083,0,0,0,0,0,0,0,0,0,0,0,0,0,0,0,0,0,0,0,1,0,0,0,1,1,0,0,1,0,1,0,0,0,0,0,1,1,0,0,0,1,0,0,0,0,0,1,0,0,0,0,0,0,0,0,0,1,0,0
0.8,0.361,0.344,0.524,0.453,0.35,0.407,0.321,0.771,0.681,0.144,0.318,0.265,0.306,0.368,0.112,0,0,0,0,0,0,0,0,0,0,0,0,0,0,0,0,0,0,0,1,0,0,0,1,1,0,0,1,0,1,0,0,0,0,0,1,1,0,0,0,1,0,0,0,0,0,1,0,0,0,0,0,0,0,0,0,1,0,0
0.8,0.361,0.344,0.524,0.453,0.35,0.412,0.321,0.771,0.681,0.144,0.318,0.265,0.306,0.368,0.121,0,0,0,0,0,0,0,0,0,0,0,0,0,0,0,0,0,0,0,1,0,0,0,1,1,0,0,1,0,0,1,0,0,0,0,1,1,0,0,0,1,0,0,0,0,0,1,0,0,0,0,0,0,0,0,0,1,0,0
0.8,0.361,0.344,0.524,0.453,0.35,0.462,0.321,0.771,0.681,0.144,0.318,0.265,0.306,0.368,0.151,0,0,0,0,0,0,0,0,0,0,0,0,0,0,0,0,0,0,0,1,0,0,0,1,1,0,0,1,0,1,0,0,0,0,0,1,1,0,0,0,1,0,0,0,0,0,1,0,0,0,0,0,0,0,0,0,1,0,0
0.8,0.361,0.344,0.524,0.453,0.35,0.476,0.321,0.771,0.681,0.144,0.318,0.265,0.306,0.368,0.16,0,0,0,0,0,0,0,0,0,0,0,0,0,0,0,0,0,0,0,1,0,0,0,1,1,0,0,1,0,0,1,0,0,0,0,1,1,0,0,0,1,0,0,0,0,0,1,0,0,0,0,0,0,0,0,0,1,0,0
0.8,0.361,0.344,0.524,0.453,0.433,0.577,0.321,0.771,0.681,0.144,0.318,0.265,0.306,0.368,0.312,0,0,0,0,0,0,0,0,0,0,0,0,0,0,0,0,0,0,0,1,0,0,0,1,1,0,0,1,1,0,0,0,0,0,0,1,1,0,0,0,1,0,0,0,0,0,1,0,0,0,0,0,0,0,0,0,1,0,0
0.2,0.0,0.461,0.515,0.53,0.592,0.325,0.23,0.55,0.7,0.106,0.206,0.02,0.444,0.474,0.095,0,0,0,0,0,0,0,0,0,0,0,0,0,0,0,0,0,0,0,1,0,0,0,1,1,0,1,0,0,0,0,1,0,0,1,0,1,0,0,0,1,0,0,0,0,0,1,0,0,0,0,0,0,0,0,0,1,0,0
0.2,0.0,0.461,0.515,0.53,0.592,0.385,0.185,0.521,0.61,0.969,0.117,0.143,0.472,0.447,0.139,0,0,0,0,0,0,0,0,0,0,0,0,0,0,0,0,0,0,0,1,0,0,1,0,0,1,1,0,0,0,0,1,0,0,1,0,1,0,0,0,1,0,0,0,0,0,1,0,0,0,0,0,0,0,1,0,0,0,0
0.2,0.0,0.461,0.515,0.53,0.508,0.359,0.23,0.55,0.7,0.106,0.206,0.02,0.389,0.421,0.121,0,0,0,0,0,0,0,0,0,0,0,0,0,0,0,0,0,0,0,1,0,0,0,1,1,0,1,0,0,0,1,0,0,0,1,0,1,0,0,0,1,0,0,0,0,0,1,0,0,0,0,0,0,0,0,0,1,0,0
0.2,0.0,0.461,0.515,0.53,0.592,0.359,0.23,0.55,0.7,0.106,0.206,0.02,0.389,0.421,0.143,0,0,0,0,0,0,0,0,0,0,0,0,0,0,0,0,0,0,0,1,0,0,0,1,1,0,1,0,0,0,0,1,0,0,1,0,1,0,0,0,1,0,0,0,0,0,1,0,0,0,0,0,0,0,0,0,1,0,0
0.2,0.0,0.461,0.515,0.53,0.508,0.376,0.23,0.55,0.7,0.106,0.206,0.02,0.389,0.421,0.152,0,0,0,0,0,0,0,0,0,0,0,0,0,0,0,0,0,0,0,1,0,0,0,1,1,0,1,0,0,0,1,0,0,0,1,0,1,0,0,0,1,0,0,0,0,0,1,0,0,0,0,0,0,0,0,0,1,0,0
1.0,0.691,0.475,0.633,0.632,0.35,0.577,0.415,0.521,0.61,0.144,0.528,0.429,0.194,0.211,0.284,0,0,0,0,0,0,0,0,0,0,0,0,0,0,0,0,0,0,0,1,0,0,0,1,1,0,0,1,0,0,1,0,0,0,0,1,1,0,1,0,0,0,0,0,0,0,0,1,0,0,0,0,0,0,0,0,1,0,0
1.0,0.691,0.475,0.633,0.632,0.35,0.593,0.415,0.521,0.61,0.144,0.528,0.429,0.167,0.211,0.27,0,0,0,0,0,0,0,0,0,0,0,0,0,0,0,0,0,0,0,1,0,0,0,1,1,0,0,1,0,0,1,0,0,0,0,1,1,0,1,0,0,0,0,0,0,0,0,1,0,0,0,0,0,0,0,0,1,0,0
0.2,0.131,0.522,0.697,0.53,0.525,0.637,0.415,0.521,0.61,0.137,0.505,0.429,0.194,0.211,0.262,0,0,0,0,0,0,0,0,0,0,0,0,0,0,0,0,0,0,0,1,0,0,0,1,1,0,1,0,0,0,0,1,0,0,0,1,1,0,1,0,0,0,0,0,0,0,0,1,0,0,0,0,0,0,0,0,1,0,0
0.2,0.298,0.522,0.697,0.53,0.525,0.645,0.377,0.521,0.61,0.137,0.505,0.429,0.167,0.211,0.264,0,0,0,0,0,0,0,0,0,0,0,0,0,0,0,0,0,0,0,1,0,0,0,1,1,0,1,0,0,0,0,0,1,0,0,1,1,0,1,0,0,0,0,0,0,0,0,1,0,0,0,0,0,0,0,0,1,0,0
0.8,0.298,0.312,0.457,0.444,0.658,0.3,0.136,0.336,0.633,1.0,0.019,0.265,0.667,0.789,0.066,0,0,0,0,0,0,0,0,0,0,0,0,0,0,0,0,0,0,0,0,1,0,1,0,1,0,0,1,0,0,0,1,0,0,1,0,1,0,0,0,1,0,0,0,0,0,1,0,0,0,0,0,0,0,1,0,0,0,0
0.8,0.298,0.312,0.457,0.444,0.658,0.28,0.181,0.464,0.633,0.125,0.173,0.449,0.389,0.474,0.071,0,0,0,0,0,0,0,0,0,0,0,0,0,0,0,0,0,0,0,0,1,0,0,1,1,0,0,1,0,0,0,1,0,0,1,0,1,0,0,0,1,0,0,0,0,0,1,0,0,0,0,0,0,0,0,0,1,0,0
0.8,0.152,0.312,0.457,0.444,0.658,0.301,0.136,0.336,0.633,1.0,0.019,0.265,0.667,0.789,0.071,0,0,0,0,0,0,0,0,0,0,0,0,0,0,0,0,0,0,0,0,1,0,1,0,1,0,1,0,0,0,0,1,0,0,1,0,1,0,0,0,1,0,0,0,0,0,1,0,0,0,0,0,0,0,1,0,0,0,0
0.8,0.152,0.312,0.457,0.444,0.658,0.281,0.181,0.464,0.633,0.125,0.173,0.449,0.389,0.474,0.076,0,0,0,0,0,0,0,0,0,0,0,0,0,0,0,0,0,0,0,0,1,0,0,1,1,0,1,0,0,0,0,1,0,0,1,0,1,0,0,0,1,0,0,0,0,0,1,0,0,0,0,0,0,0,0,0,1,0,0
0.8,0.152,0.312,0.457,0.444,0.658,0.305,0.181,0.464,0.633,0.125,0.173,0.449,0.389,0.474,0.084,0,0,0,0,0,0,0,0,0,0,0,0,0,0,0,0,0,0,0,0,1,0,0,1,1,0,1,0,0,0,0,1,0,0,1,0,1,0,0,0,1,0,0,0,0,0,1,0,0,0,0,0,0,0,0,0,1,0,0
0.8,0.152,0.312,0.457,0.444,0.658,0.322,0.136,0.336,0.633,1.0,0.093,0.143,0.667,0.684,0.109,0,0,0,0,0,0,0,0,0,0,0,0,0,0,0,0,0,0,0,0,1,0,1,0,0,1,1,0,0,0,0,1,0,0,1,0,1,0,0,0,1,0,0,0,0,0,1,0,0,0,0,0,0,0,1,0,0,0,0
0.8,0.152,0.312,0.457,0.444,0.658,0.315,0.181,0.464,0.633,0.188,0.243,0.551,0.361,0.421,0.121,0,0,0,0,0,0,0,0,0,0,0,0,0,0,0,0,0,0,0,0,1,0,0,1,1,0,1,0,0,0,0,1,0,0,1,0,1,0,0,0,1,0,0,0,0,0,1,0,0,0,0,0,0,0,0,0,1,0,0
1.0,0.298,0.23,0.272,0.333,0.65,0.297,0.181,0.464,0.633,0.094,0.196,0.551,0.306,0.342,0.161,0,0,0,0,0,0,0,0,0,0,0,0,0,0,0,0,0,0,0,0,1,0,0,1,1,0,0,1,1,0,0,0,0,0,1,0,1,0,0,0,1,0,0,0,0,0,1,0,0,0,0,0,0,0,0,0,1,0,0
1.0,1.0,0.23,0.367,0.316,0.3,0.284,0.181,0.464,0.633,0.094,0.196,0.551,0.306,0.342,0.121,0,0,0,0,0,0,0,0,0,0,0,0,0,0,0,0,0,0,0,0,1,0,0,1,1,0,0,1,0,0,1,0,0,0,1,0,1,0,0,0,1,0,0,0,0,0,1,0,0,0,0,0,0,0,0,0,1,0,0
0.4,0.298,0.402,0.584,0.564,0.608,0.455,0.283,0.464,0.633,0.094,0.29,0.551,0.167,0.211,0.203,0,0,0,0,0,0,0,0,0,0,0,0,0,0,0,0,0,0,0,0,1,0,0,1,1,0,1,0,0,0,0,1,0,0,1,0,1,0,0,0,1,0,0,0,0,1,0,0,0,0,0,0,0,0,0,0,1,0,0
0.4,0.298,0.402,0.584,0.564,0.608,0.423,0.136,0.336,0.633,1.0,0.093,0.143,0.556,0.579,0.217,0,0,0,0,0,0,0,0,0,0,0,0,0,0,0,0,0,0,0,0,1,0,1,0,0,1,1,0,0,0,0,1,0,0,1,0,1,0,0,0,1,0,0,0,0,0,1,0,0,0,0,0,0,0,1,0,0,0,0
0.4,0.298,0.402,0.627,0.564,0.608,0.417,0.181,0.464,0.633,0.125,0.187,0.551,0.333,0.395,0.178,0,0,0,0,0,0,0,0,0,0,0,0,0,0,0,0,0,0,0,0,1,0,0,1,1,0,1,0,0,0,0,0,1,0,1,0,1,0,0,0,1,0,0,0,0,0,1,0,0,0,0,0,0,0,0,0,1,0,0
0.0,0.199,0.516,0.712,0.59,0.7,0.552,0.302,0.886,0.514,0.156,0.308,0.51,0.278,0.316,0.194,0,0,0,0,0,0,0,0,0,0,0,0,0,0,0,0,0,0,0,0,0,1,0,1,1,0,1,0,0,0,0,1,0,0,0,1,1,0,0,0,1,0,0,0,0,0,1,0,0,0,0,0,0,0,0,0,1,0,0
0.2,0.047,0.516,0.712,0.59,0.808,0.6,0.302,0.886,0.514,0.156,0.308,0.51,0.278,0.316,0.206,0,0,0,0,0,0,0,0,0,0,0,0,0,0,0,0,0,0,0,0,0,1,0,1,1,0,1,0,0,0,0,0,1,0,0,1,1,0,0,0,1,0,0,0,0,0,1,0,0,0,0,0,0,0,0,0,1,0,0
0.0,0.199,0.516,0.712,0.59,0.7,0.561,0.302,0.886,0.514,0.156,0.308,0.51,0.306,0.316,0.27,0,0,0,0,0,0,0,0,0,0,0,0,0,0,0,0,0,0,0,0,0,1,0,1,1,0,1,0,0,0,0,1,0,0,0,1,1,0,0,0,1,0,0,0,0,0,1,0,0,0,0,0,0,0,0,0,1,0,0
0.2,0.047,0.516,0.712,0.59,0.808,0.603,0.302,0.886,0.514,0.156,0.308,0.51,0.306,0.316,0.283,0,0,0,0,0,0,0,0,0,0,0,0,0,0,0,0,0,0,0,0,0,1,0,1,1,0,1,0,0,0,0,0,1,0,0,1,1,0,0,0,1,0,0,0,0,0,1,0,0,0,0,0,0,0,0,0,1,0,0
0.0,0.199,0.516,0.712,0.59,0.7,0.604,0.26,0.771,0.514,0.031,0.533,0.388,0.111,0.158,0.33,0,0,0,0,0,0,0,0,0,0,0,0,0,0,0,0,0,0,0,0,0,1,0,1,0,1,1,0,0,0,0,1,0,0,0,1,1,0,0,0,1,0,0,0,0,0,1,0,0,0,0,0,0,0,0,0,1,0,0
0.2,0.047,0.516,0.712,0.59,0.808,0.647,0.26,0.771,0.514,0.031,0.533,0.388,0.111,0.158,0.343,0,0,0,0,0,0,0,0,0,0,0,0,0,0,0,0,0,0,0,0,0,1,0,1,0,1,1,0,0,0,0,0,1,0,0,1,1,0,0,0,1,0,0,0,0,0,1,0,0,0,0,0,0,0,0,0,1,0,0
0.2,0.157,0.656,0.712,0.735,0.642,0.568,0.302,0.886,0.514,0.156,0.308,0.51,0.278,0.316,0.291,0,0,0,0,0,0,0,0,0,0,0,0,0,0,0,0,0,0,0,0,0,1,0,1,1,0,1,0,0,0,0,1,0,0,0,1,1,0,0,0,1,0,0,0,0,0,1,0,0,0,0,0,0,0,0,0,1,0,0
0.2,0.157,0.656,0.712,0.726,0.642,0.606,0.302,0.886,0.514,0.106,0.523,0.469,0.167,0.237,0.346,0,0,0,0,0,0,0,0,0,0,0,0,0,0,0,0,0,0,0,0,0,1,0,1,0,1,1,0,0,0,0,1,0,0,0,1,1,0,0,0,1,0,0,0,0,0,1,0,0,0,0,0,0,0,0,0,1,0,0
0.2,0.157,0.656,0.712,0.735,0.642,0.591,0.423,0.743,0.381,0.113,0.402,0.551,0.139,0.184,0.406,0,0,0,0,0,0,0,0,0,0,0,0,0,0,0,0,0,0,0,0,0,1,0,1,1,0,1,0,0,0,0,1,0,0,0,1,1,0,0,0,0,0,1,0,0,0,0,1,0,0,0,0,0,0,0,0,1,0,0
0.2,0.157,0.656,0.712,0.735,0.642,0.671,0.317,0.336,0.633,1.0,0.271,0.265,0.361,0.289,0.431,0,0,0,0,0,0,0,0,0,0,0,0,0,0,0,0,0,0,0,0,0,1,1,0,0,1,1,0,0,0,0,1,0,0,0,1,1,0,0,0,1,0,0,0,0,0,0,1,0,0,0,0,0,0,1,0,0,0,0
0.2,0.157,0.656,0.712,0.735,0.642,0.611,0.302,0.886,0.514,0.156,0.308,0.51,0.167,0.237,0.435,0,0,0,0,0,0,0,0,0,0,0,0,0,0,0,0,0,0,0,0,0,1,0,1,0,1,1,0,0,0,0,1,0,0,0,1,1,0,0,0,1,0,0,0,0,0,1,0,0,0,0,0,0,0,0,0,1,0,0
